{"cameraMode":{"drawMode":0,"name":"Shaded","section":"Shading Mode"},"sceneLighting":true,"audioPlay":false,"sceneViewState":{"showFog":false,"showMaterialUpdate":true,"showSkybox":true,"showFlares":true,"showImageEffects":true,"showParticleSystems":true,"showVisualEffectGraphs":true,"m_FxEnabled":true},"in2DMode":false,"pivot":{"x":-0.059513092041015628,"y":-3.6023106575012209,"z":-0.265261173248291},"rotation":{"x":-0.13729797303676606,"y":0.8534507751464844,"z":-0.28122854232788088,"w":-0.416695773601532},"size":10.554424285888672,"orthographic":true}